code,plot,year,species,#adults,#saplings,#seedlings
1,CM1,2007,Cistus libanotis,8,21,NA
2,CM1,2007,Halimium commutatum,3,1,NA
3,CM1,2007,Halimium halimifolium,4,2,NA
6,CM1,2007,Lavandula stoechas,16,30,NA
7,CM1,2007,Rosmarinus officinalis,7,1,NA
11,CM2,2007,Cistus libanotis,9,44,NA
12,CM2,2007,Halimium commutatum,8,3,NA
13,CM2,2007,Halimium halimifolium,9,6,NA
16,CM2,2007,Lavandula stoechas,10,3,NA
17,CM2,2007,Rosmarinus officinalis,3,4,NA
21,CM3,2007,Cistus libanotis,36,9,NA
22,CM3,2007,Halimium commutatum,10, ,NA
23,CM3,2007,Halimium halimifolium,28,2,NA
26,CM3,2007,Lavandula stoechas,13,14,NA
27,CM3,2007,Rosmarinus officinalis,16,1,NA
31,CM4,2007,Cistus libanotis,3,18,NA
32,CM4,2007,Halimium commutatum,21,66,NA
33,CM4,2007,Halimium halimifolium,45,33,NA
36,CM4,2007,Lavandula stoechas,47,110,NA
37,CM4,2007,Rosmarinus officinalis,10,43,NA
41,CM5,2007,Cistus libanotis,33,47,NA
42,CM5,2007,Halimium commutatum,10,7,NA
43,CM5,2007,Halimium halimifolium,74,17,NA
46,CM5,2007,Lavandula stoechas,58,87,NA
47,CM5,2007,Rosmarinus officinalis,5,8,NA
51,CM6,2007,Cistus libanotis,13,26,NA
52,CM6,2007,Halimium commutatum,11,5,NA
53,CM6,2007,Halimium halimifolium,18,7,NA
56,CM6,2007,Lavandula stoechas,37,118,NA
57,CM6,2007,Rosmarinus officinalis,12,13,NA
61,MM1,2007,Cistus libanotis,22,105,NA
62,MM1,2007,Halimium commutatum,4,16,NA
63,MM1,2007,Halimium halimifolium,6,3,NA
66,MM1,2007,Lavandula stoechas,4,32,NA
67,MM1,2007,Rosmarinus officinalis,0,5,NA
71,MM2,2007,Cistus libanotis,7,28,NA
72,MM2,2007,Halimium commutatum,19,21,NA
73,MM2,2007,Halimium halimifolium,34,8,NA
76,MM2,2007,Lavandula stoechas,0,14,NA
77,MM2,2007,Rosmarinus officinalis,3,18,NA
81,MM3,2007,Cistus libanotis,2,44,NA
82,MM3,2007,Halimium commutatum,38,253,NA
83,MM3,2007,Halimium halimifolium,15,21,NA
86,MM3,2007,Lavandula stoechas,0,3,NA
87,MM3,2007,Rosmarinus officinalis,9,18,NA
91,MM4,2007,Cistus libanotis,2,1,NA
92,MM4,2007,Halimium commutatum,26,19,NA
93,MM4,2007,Halimium halimifolium,56,0,NA
96,MM4,2007,Lavandula stoechas,0,0,NA
97,MM4,2007,Rosmarinus officinalis,5,26,NA
101,MM5,2007,Cistus libanotis,0,22,NA
102,MM5,2007,Halimium commutatum,11,63,NA
103,MM5,2007,Halimium halimifolium,18,23,NA
106,MM5,2007,Lavandula stoechas,15,58,NA
107,MM5,2007,Rosmarinus officinalis,3,93,NA
111,MM6,2007,Cistus libanotis,3,14,NA
112,MM6,2007,Halimium commutatum,7,48,NA
113,MM6,2007,Halimium halimifolium,10,19,NA
116,MM6,2007,Lavandula stoechas,5,32,NA
117,MM6,2007,Rosmarinus officinalis,12,40,NA
121,OM1,2007,Cistus libanotis,0,19,NA
122,OM1,2007,Halimium commutatum,1,18,NA
123,OM1,2007,Halimium halimifolium,8,14,NA
126,OM1,2007,Lavandula stoechas,13,67,NA
127,OM1,2007,Rosmarinus officinalis,2,1,NA
131,OM2,2007,Cistus libanotis,3,2,NA
132,OM2,2007,Halimium commutatum,14,5,NA
133,OM2,2007,Halimium halimifolium,14,6,NA
136,OM2,2007,Lavandula stoechas,14,6,NA
137,OM2,2007,Rosmarinus officinalis,0,0,NA
141,OM3,2007,Cistus libanotis,2,25,NA
142,OM3,2007,Halimium commutatum,11,9,NA
143,OM3,2007,Halimium halimifolium,17,6,NA
146,OM3,2007,Lavandula stoechas,8,5,NA
147,OM3,2007,Rosmarinus officinalis,5,0,NA
151,OM4,2007,Cistus libanotis,0,17,NA
152,OM4,2007,Halimium commutatum,1,10,NA
153,OM4,2007,Halimium halimifolium,15,13,NA
156,OM4,2007,Lavandula stoechas,1,4,NA
157,OM4,2007,Rosmarinus officinalis,0,22,NA
161,OM5,2007,Cistus libanotis,1,0,NA
162,OM5,2007,Halimium commutatum,8,12,NA
163,OM5,2007,Halimium halimifolium,10,4,NA
166,OM5,2007,Lavandula stoechas,15,3,NA
167,OM5,2007,Rosmarinus officinalis,15,11,NA
171,OM6,2007,Cistus libanotis,7,5,NA
172,OM6,2007,Halimium commutatum,14,4,NA
173,OM6,2007,Halimium halimifolium,9,6,NA
176,OM6,2007,Lavandula stoechas,15,18,NA
177,OM6,2007,Rosmarinus officinalis,9,2,NA
181,CM1,2008,Cistus libanotis,11,15,NA
182,CM1,2008,Halimium commutatum,3,1,NA
183,CM1,2008,Halimium halimifolium,2,4,NA
186,CM1,2008,Lavandula stoechas,16,17,NA
187,CM1,2008,Rosmarinus officinalis,6,1,NA
191,CM2,2008,Cistus libanotis,3,30,NA
192,CM2,2008,Halimium commutatum,8,9,NA
193,CM2,2008,Halimium halimifolium,2,9,NA
196,CM2,2008,Lavandula stoechas,8,10,NA
197,CM2,2008,Rosmarinus officinalis,6,10,NA
201,CM3,2008,Cistus libanotis,40,5,NA
202,CM3,2008,Halimium commutatum,7, ,NA
203,CM3,2008,Halimium halimifolium,24, ,NA
206,CM3,2008,Lavandula stoechas,11,12,NA
207,CM3,2008,Rosmarinus officinalis,14,3,NA
211,CM4,2008,Cistus libanotis, ,4,NA
212,CM4,2008,Halimium commutatum,20,40,NA
213,CM4,2008,Halimium halimifolium,10,35,NA
216,CM4,2008,Lavandula stoechas,20,90,NA
217,CM4,2008,Rosmarinus officinalis,2,40,NA
221,CM5,2008,Cistus libanotis,8,85,NA
222,CM5,2008,Halimium commutatum,3,10,NA
223,CM5,2008,Halimium halimifolium,13,34,NA
226,CM5,2008,Lavandula stoechas,12,146,NA
227,CM5,2008,Rosmarinus officinalis,0,4,NA
231,CM6,2008,Cistus libanotis,14,20,NA
232,CM6,2008,Halimium commutatum,12,9,NA
233,CM6,2008,Halimium halimifolium,14,8,NA
236,CM6,2008,Lavandula stoechas,26,127,NA
237,CM6,2008,Rosmarinus officinalis,9,21,NA
241,MM1,2008,Cistus libanotis,8,91,NA
242,MM1,2008,Halimium commutatum,2,5,NA
243,MM1,2008,Halimium halimifolium,1,7,NA
246,MM1,2008,Lavandula stoechas,5,23,NA
247,MM1,2008,Rosmarinus officinalis,0,10,NA
251,MM2,2008,Cistus libanotis,10,25,NA
252,MM2,2008,Halimium commutatum,21,20,NA
253,MM2,2008,Halimium halimifolium,45,4,NA
256,MM2,2008,Lavandula stoechas,1,5,NA
257,MM2,2008,Rosmarinus officinalis,7,24,NA
261,MM3,2008,Cistus libanotis,0,29,NA
262,MM3,2008,Halimium commutatum,20,84,NA
263,MM3,2008,Halimium halimifolium,17,9,NA
266,MM3,2008,Lavandula stoechas,0,0,NA
267,MM3,2008,Rosmarinus officinalis,7,16,NA
271,MM4,2008,Cistus libanotis,4,5,NA
272,MM4,2008,Halimium commutatum,18,16,NA
273,MM4,2008,Halimium halimifolium,53,1,NA
276,MM4,2008,Lavandula stoechas,0,0,NA
277,MM4,2008,Rosmarinus officinalis,5,22,NA
281,MM5,2008,Cistus libanotis,0,0,NA
282,MM5,2008,Halimium commutatum,3,0,NA
283,MM5,2008,Halimium halimifolium,8,35,NA
286,MM5,2008,Lavandula stoechas,8,0,NA
287,MM5,2008,Rosmarinus officinalis,1,0,NA
291,MM6,2008,Cistus libanotis,4,40,NA
292,MM6,2008,Halimium commutatum,4,20,NA
293,MM6,2008,Halimium halimifolium,9,25,NA
296,MM6,2008,Lavandula stoechas,3,32,NA
297,MM6,2008,Rosmarinus officinalis,10,57,NA
301,OM1,2008,Cistus libanotis,0,18,NA
302,OM1,2008,Halimium commutatum,0,4,NA
303,OM1,2008,Halimium halimifolium,2,19,NA
306,OM1,2008,Lavandula stoechas,12,34,NA
307,OM1,2008,Rosmarinus officinalis,1,4,NA
311,OM2,2008,Cistus libanotis,1,2,NA
312,OM2,2008,Halimium commutatum,11,4,NA
313,OM2,2008,Halimium halimifolium,9,9,NA
316,OM2,2008,Lavandula stoechas,18,10,NA
317,OM2,2008,Rosmarinus officinalis,0,0,NA
321,OM3,2008,Cistus libanotis,1,22,NA
322,OM3,2008,Halimium commutatum,8,4,NA
323,OM3,2008,Halimium halimifolium,10,11,NA
326,OM3,2008,Lavandula stoechas,8,8,NA
327,OM3,2008,Rosmarinus officinalis,5,5,NA
331,OM4,2008,Cistus libanotis,1,24,NA
332,OM4,2008,Halimium commutatum,0,4,NA
333,OM4,2008,Halimium halimifolium,6,2,NA
336,OM4,2008,Lavandula stoechas,1,3,NA
337,OM4,2008,Rosmarinus officinalis,0,20,NA
341,OM5,2008,Cistus libanotis,3,0,NA
342,OM5,2008,Halimium commutatum,6,6,NA
343,OM5,2008,Halimium halimifolium,4,4,NA
346,OM5,2008,Lavandula stoechas,13,2,NA
347,OM5,2008,Rosmarinus officinalis,17,13,NA
351,OM6,2008,Cistus libanotis,0,2,NA
352,OM6,2008,Halimium commutatum,11,7,NA
353,OM6,2008,Halimium halimifolium,10,11,NA
356,OM6,2008,Lavandula stoechas,15,24,NA
357,OM6,2008,Rosmarinus officinalis,8,3,NA
361,CM1,2010,Cistus libanotis,21,4,19
362,CM1,2010,Halimium commutatum,5,1,2
363,CM1,2010,Halimium halimifolium,8,0,4
366,CM1,2010,Lavandula stoechas,23,5,10
367,CM1,2010,Rosmarinus officinalis,8,3,1
371,CM2,2010,Cistus libanotis,25,2,23
372,CM2,2010,Halimium commutatum,10,0,4
373,CM2,2010,Halimium halimifolium,2,1,2
376,CM2,2010,Lavandula stoechas,3,1,0
377,CM2,2010,Rosmarinus officinalis,14,4,11
381,CM3,2010,Cistus libanotis,23,0,3
382,CM3,2010,Halimium commutatum,5,0,0
383,CM3,2010,Halimium halimifolium,18,0,1
386,CM3,2010,Lavandula stoechas,8,1,1
387,CM3,2010,Rosmarinus officinalis,16,0,2
391,CM4,2010,Cistus libanotis,2,0,2
392,CM4,2010,Halimium commutatum,47,8,40
393,CM4,2010,Halimium halimifolium,10,0,6
396,CM4,2010,Lavandula stoechas,31,6,24
397,CM4,2010,Rosmarinus officinalis,9,1,9
401,CM5,2010,Cistus libanotis,58,0,53
402,CM5,2010,Halimium commutatum,13,1,7
403,CM5,2010,Halimium halimifolium,13,0,9
406,CM5,2010,Lavandula stoechas,58,7,47
407,CM5,2010,Rosmarinus officinalis,11,3,11
411,CM6,2010,Cistus libanotis,12,1,0
412,CM6,2010,Halimium commutatum,18,0,2
413,CM6,2010,Halimium halimifolium,20,1,10
416,CM6,2010,Lavandula stoechas,68,24,54
417,CM6,2010,Rosmarinus officinalis,17,4,12
421,MM1,2010,Cistus libanotis,63,27,75
422,MM1,2010,Halimium commutatum,11,0,5
423,MM1,2010,Halimium halimifolium,6,0,1
426,MM1,2010,Lavandula stoechas,4,0,1
427,MM1,2010,Rosmarinus officinalis,9,4,9
431,MM2,2010,Cistus libanotis,28,5,26
432,MM2,2010,Halimium commutatum,20,4,12
433,MM2,2010,Halimium halimifolium,28,0,0
436,MM2,2010,Lavandula stoechas,5,1,3
437,MM2,2010,Rosmarinus officinalis,7,7,7
441,MM3,2010,Cistus libanotis,2,2,4
442,MM3,2010,Halimium commutatum,29,6,14
443,MM3,2010,Halimium halimifolium,15,0,2
446,MM3,2010,Lavandula stoechas,0,0,0
447,MM3,2010,Rosmarinus officinalis,10,5,7
451,MM4,2010,Cistus libanotis,4,1,1
452,MM4,2010,Halimium commutatum,22,5,5
453,MM4,2010,Halimium halimifolium,51,1,0
456,MM4,2010,Lavandula stoechas,0,0,0
457,MM4,2010,Rosmarinus officinalis,9,23,22
461,MM5,2010,Cistus libanotis,51,11,60
462,MM5,2010,Halimium commutatum,50,13,44
463,MM5,2010,Halimium halimifolium,26,0,13
466,MM5,2010,Lavandula stoechas,32,10,24
467,MM5,2010,Rosmarinus officinalis,51,33,79
471,MM6,2010,Cistus libanotis,25,17,39
472,MM6,2010,Halimium commutatum,19,26,38
473,MM6,2010,Halimium halimifolium,16,14,21
476,MM6,2010,Lavandula stoechas,15,9,18
477,MM6,2010,Rosmarinus officinalis,32,28,33
481,OM1,2010,Cistus libanotis,8,4,10
482,OM1,2010,Halimium commutatum,2,2,2
483,OM1,2010,Halimium halimifolium,6,0,0
486,OM1,2010,Lavandula stoechas,10,0,0
487,OM1,2010,Rosmarinus officinalis,4,0,1
491,OM2,2010,Cistus libanotis,2,0,2
492,OM2,2010,Halimium commutatum,15,0,2
493,OM2,2010,Halimium halimifolium,10,0,6
496,OM2,2010,Lavandula stoechas,18,1,2
497,OM2,2010,Rosmarinus officinalis,1,0,0
501,OM3,2010,Cistus libanotis,18,2,16
502,OM3,2010,Halimium commutatum,10,0,3
503,OM3,2010,Halimium halimifolium,18,2,7
506,OM3,2010,Lavandula stoechas,16,1,0
507,OM3,2010,Rosmarinus officinalis,8,2,4
511,OM4,2010,Cistus libanotis,31,8,33
512,OM4,2010,Halimium commutatum,4,2,4
513,OM4,2010,Halimium halimifolium,9,0,1
516,OM4,2010,Lavandula stoechas,5,0,0
517,OM4,2010,Rosmarinus officinalis,14,5,14
521,OM5,2010,Cistus libanotis,17,0,0
522,OM5,2010,Halimium commutatum,16,1,0
523,OM5,2010,Halimium halimifolium,3,0,1
526,OM5,2010,Lavandula stoechas,15,1,0
527,OM5,2010,Rosmarinus officinalis,17,0,2
531,OM6,2010,Cistus libanotis,10,0,0
532,OM6,2010,Halimium commutatum,11,0,0
533,OM6,2010,Halimium halimifolium,8,0,3
536,OM6,2010,Lavandula stoechas,19,1,0
537,OM6,2010,Rosmarinus officinalis,6,0,1
541,CM1,2013,Cistus libanotis,13,1,23
542,CM1,2013,Halimium commutatum,5, ,1
543,CM1,2013,Halimium halimifolium,6,0,14
546,CM1,2013,Lavandula stoechas,21,0,64
547,CM1,2013,Rosmarinus officinalis,8,1,0
551,CM2,2013,Cistus libanotis,6,0,16
552,CM2,2013,Halimium commutatum,6,0,0
553,CM2,2013,Halimium halimifolium,16,0,21
556,CM2,2013,Lavandula stoechas,2,0,24
557,CM2,2013,Rosmarinus officinalis,5,4,1
561,CM3,2013,Cistus libanotis,12,0,111
562,CM3,2013,Halimium commutatum,4,1,16
563,CM3,2013,Halimium halimifolium,16,0,259
566,CM3,2013,Lavandula stoechas,4,0,64
567,CM3,2013,Rosmarinus officinalis,16,1,21
571,CM4,2013,Cistus libanotis,0,0,6
572,CM4,2013,Halimium commutatum,4,0,11
573,CM4,2013,Halimium halimifolium,2,1,41
576,CM4,2013,Lavandula stoechas,5,0,5
577,CM4,2013,Rosmarinus officinalis,2,0,0
581,CM5,2013,Cistus libanotis,10,1,49
582,CM5,2013,Halimium commutatum,0,0,3
583,CM5,2013,Halimium halimifolium,5,0,114
586,CM5,2013,Lavandula stoechas,4,1,92
587,CM5,2013,Rosmarinus officinalis,1,0,0
591,CM6,2013,Cistus libanotis,11,8,113
592,CM6,2013,Halimium commutatum,6,1,8
593,CM6,2013,Halimium halimifolium,10,0,79
596,CM6,2013,Lavandula stoechas,42,4,127
597,CM6,2013,Rosmarinus officinalis,20,2,0
601,MM1,2013,Cistus libanotis,29,1,63
602,MM1,2013,Halimium commutatum,2,0,0
603,MM1,2013,Halimium halimifolium,2,0,7
606,MM1,2013,Lavandula stoechas,3,0,12
607,MM1,2013,Rosmarinus officinalis,10,3,2
611,MM2,2013,Cistus libanotis,26,0,2
612,MM2,2013,Halimium commutatum,1,1,10
613,MM2,2013,Halimium halimifolium,23,0,6
616,MM2,2013,Lavandula stoechas,3,0,1
617,MM2,2013,Rosmarinus officinalis,5,4,1
621,MM3,2013,Cistus libanotis,2,2,21
622,MM3,2013,Halimium commutatum,22,2,40
623,MM3,2013,Halimium halimifolium,13,2,41
626,MM3,2013,Lavandula stoechas,0,0,11
627,MM3,2013,Rosmarinus officinalis,10,1,0
631,MM4,2013,Cistus libanotis,5,3,4
632,MM4,2013,Halimium commutatum,22,7,2
633,MM4,2013,Halimium halimifolium,33,0,5
636,MM4,2013,Lavandula stoechas,0,0,0
637,MM4,2013,Rosmarinus officinalis,13,0,1
641,MM5,2013,Cistus libanotis,11,4,24
642,MM5,2013,Halimium commutatum,8,0,17
643,MM5,2013,Halimium halimifolium,12,0,13
646,MM5,2013,Lavandula stoechas,7,2,13
647,MM5,2013,Rosmarinus officinalis,60,12,3
651,MM6,2013,Cistus libanotis,23,16,12
652,MM6,2013,Halimium commutatum,14,1,8
653,MM6,2013,Halimium halimifolium,10,2,13
656,MM6,2013,Lavandula stoechas,6,3,6
657,MM6,2013,Rosmarinus officinalis,35,13,2
661,OM1,2013,Cistus libanotis,10,3,5
662,OM1,2013,Halimium commutatum,3,1,3
663,OM1,2013,Halimium halimifolium,3,0,2
666,OM1,2013,Lavandula stoechas,4,2,34
667,OM1,2013,Rosmarinus officinalis,3,1,1
671,OM2,2013,Cistus libanotis,3,4,1
672,OM2,2013,Halimium commutatum,19,1,5
673,OM2,2013,Halimium halimifolium,11,1,2
676,OM2,2013,Lavandula stoechas,22,1,2
677,OM2,2013,Rosmarinus officinalis,0,0,0
681,OM3,2013,Cistus libanotis,14,2,0
682,OM3,2013,Halimium commutatum,5,2,1
683,OM3,2013,Halimium halimifolium,11,1,0
686,OM3,2013,Lavandula stoechas,14,0,10
687,OM3,2013,Rosmarinus officinalis,9,1,0
691,OM4,2013,Cistus libanotis,29,0,1
692,OM4,2013,Halimium commutatum,6,2,5
693,OM4,2013,Halimium halimifolium,5,0,2
696,OM4,2013,Lavandula stoechas,0,0,10
697,OM4,2013,Rosmarinus officinalis,16,0,0
701,OM5,2013,Cistus libanotis,3,0,1
702,OM5,2013,Halimium commutatum,9,0,0
703,OM5,2013,Halimium halimifolium,5,0,0
706,OM5,2013,Lavandula stoechas,9,0,2
707,OM5,2013,Rosmarinus officinalis,9,0,0
711,OM6,2013,Cistus libanotis,4,0,4
712,OM6,2013,Halimium commutatum,9,0,5
713,OM6,2013,Halimium halimifolium,10,0,1
716,OM6,2013,Lavandula stoechas,23,3,15
717,OM6,2013,Rosmarinus officinalis,10,2,1
721,CM1,2017,Cistus libanotis,7,9,NA
722,CM1,2017,Halimium commutatum,3,0,NA
723,CM1,2017,Halimium halimifolium,6,1,NA
726,CM1,2017,Lavandula stoechas,19,2,NA
727,CM1,2017,Rosmarinus officinalis,8,0,NA
731,CM2,2017,Cistus libanotis,1,1,NA
732,CM2,2017,Halimium commutatum,4,1,NA
733,CM2,2017,Halimium halimifolium,2,0,NA
736,CM2,2017,Lavandula stoechas,2,7,NA
737,CM2,2017,Rosmarinus officinalis,8,2,NA
741,CM3,2017,Cistus libanotis,6,2,NA
742,CM3,2017,Halimium commutatum,0,0,NA
743,CM3,2017,Halimium halimifolium,8,0,NA
746,CM3,2017,Lavandula stoechas,6,0,NA
747,CM3,2017,Rosmarinus officinalis,12,1,NA
751,CM4,2017,Cistus libanotis,0,0,NA
752,CM4,2017,Halimium commutatum,4,1,NA
753,CM4,2017,Halimium halimifolium,3,1,NA
756,CM4,2017,Lavandula stoechas,15,1,NA
757,CM4,2017,Rosmarinus officinalis,1,0,NA
761,CM5,2017,Cistus libanotis,6,0,NA
762,CM5,2017,Halimium commutatum,0,2,NA
763,CM5,2017,Halimium halimifolium,8,0,NA
766,CM5,2017,Lavandula stoechas,21,3,NA
767,CM5,2017,Rosmarinus officinalis,2,0,NA
771,CM6,2017,Cistus libanotis,3,1,NA
772,CM6,2017,Halimium commutatum,2,0,NA
773,CM6,2017,Halimium halimifolium,5,0,NA
776,CM6,2017,Lavandula stoechas,17,1,NA
777,CM6,2017,Rosmarinus officinalis,12,0,NA
781,MM1,2017,Cistus libanotis,19,4,NA
782,MM1,2017,Halimium commutatum,0,1,NA
783,MM1,2017,Halimium halimifolium,0,0,NA
786,MM1,2017,Lavandula stoechas,3,0,NA
787,MM1,2017,Rosmarinus officinalis,8,2,NA
791,MM2,2017,Cistus libanotis,7,4,NA
792,MM2,2017,Halimium commutatum,6,0,NA
793,MM2,2017,Halimium halimifolium,19,0,NA
796,MM2,2017,Lavandula stoechas,0,1,NA
797,MM2,2017,Rosmarinus officinalis,5,0,NA
801,MM3,2017,Cistus libanotis,2,0,NA
802,MM3,2017,Halimium commutatum,5,3,NA
803,MM3,2017,Halimium halimifolium,12,0,NA
806,MM3,2017,Lavandula stoechas,0,0,NA
807,MM3,2017,Rosmarinus officinalis,12,3,NA
811,MM4,2017,Cistus libanotis,1,1,NA
812,MM4,2017,Halimium commutatum,9,3,NA
813,MM4,2017,Halimium halimifolium,27,0,NA
816,MM4,2017,Lavandula stoechas,0,0,NA
817,MM4,2017,Rosmarinus officinalis,7,0,NA
821,MM5,2017,Cistus libanotis,8,6,NA
822,MM5,2017,Halimium commutatum,6,2,NA
823,MM5,2017,Halimium halimifolium,6,0,NA
826,MM5,2017,Lavandula stoechas,6,1,NA
827,MM5,2017,Rosmarinus officinalis,39,2,NA
831,MM6,2017,Cistus libanotis,6,1,NA
832,MM6,2017,Halimium commutatum,6,4,NA
833,MM6,2017,Halimium halimifolium,7,1,NA
836,MM6,2017,Lavandula stoechas,3,4,NA
837,MM6,2017,Rosmarinus officinalis,24,5,NA
841,OM1,2017,Cistus libanotis,8,0,NA
842,OM1,2017,Halimium commutatum,3,7,NA
843,OM1,2017,Halimium halimifolium,0,0,NA
846,OM1,2017,Lavandula stoechas,3,5,NA
847,OM1,2017,Rosmarinus officinalis,7,1,NA
851,OM2,2017,Cistus libanotis,2,0,NA
852,OM2,2017,Halimium commutatum,23,1,NA
853,OM2,2017,Halimium halimifolium,10,0,NA
856,OM2,2017,Lavandula stoechas,18,2,NA
857,OM2,2017,Rosmarinus officinalis,1,0,NA
861,OM3,2017,Cistus libanotis,10,1,NA
862,OM3,2017,Halimium commutatum,2,6,NA
863,OM3,2017,Halimium halimifolium,6,2,NA
866,OM3,2017,Lavandula stoechas,11,2,NA
867,OM3,2017,Rosmarinus officinalis,12,1,NA
871,OM4,2017,Cistus libanotis,13,4,NA
872,OM4,2017,Halimium commutatum,6,6,NA
873,OM4,2017,Halimium halimifolium,2,0,NA
876,OM4,2017,Lavandula stoechas,1,3,NA
877,OM4,2017,Rosmarinus officinalis,16,1,NA
881,OM5,2017,Cistus libanotis,1,0,NA
882,OM5,2017,Halimium commutatum,9,1,NA
883,OM5,2017,Halimium halimifolium,5,0,NA
886,OM5,2017,Lavandula stoechas,8,0,NA
887,OM5,2017,Rosmarinus officinalis,17,0,NA
891,OM6,2017,Cistus libanotis,2,3,NA
892,OM6,2017,Halimium commutatum,7,2,NA
893,OM6,2017,Halimium halimifolium,5,1,NA
896,OM6,2017,Lavandula stoechas,12,1,NA
897,OM6,2017,Rosmarinus officinalis,8,0,NA
901,CM1,2019,Cistus libanotis,14,11,0
902,CM1,2019,Halimium commutatum,2,0,0
903,CM1,2019,Halimium halimifolium,3,0,0
906,CM1,2019,Lavandula stoechas,25,5,5
907,CM1,2019,Rosmarinus officinalis,4,0,0
911,CM2,2019,Cistus libanotis,2,2,0
912,CM2,2019,Halimium commutatum,3,0,0
913,CM2,2019,Halimium halimifolium,2,1,1
916,CM2,2019,Lavandula stoechas,4,7,9
917,CM2,2019,Rosmarinus officinalis,6,2,1
921,CM3,2019,Cistus libanotis,7,4,1
922,CM3,2019,Halimium commutatum,2,2,0
923,CM3,2019,Halimium halimifolium,12,1,1
926,CM3,2019,Lavandula stoechas,10,5,0
927,CM3,2019,Rosmarinus officinalis,14,1,0
931,CM4,2019,Cistus libanotis, ,0,0
932,CM4,2019,Halimium commutatum,15,8,2
933,CM4,2019,Halimium halimifolium,1,3,0
936,CM4,2019,Lavandula stoechas,29,15,16
937,CM4,2019,Rosmarinus officinalis,1,0,0
941,CM5,2019,Cistus libanotis,9,4,0
942,CM5,2019,Halimium commutatum,2,0,2
943,CM5,2019,Halimium halimifolium,9,4,2
946,CM5,2019,Lavandula stoechas,30,22,20
947,CM5,2019,Rosmarinus officinalis,2,0,1
951,CM6,2019,Cistus libanotis,8,0,0
952,CM6,2019,Halimium commutatum,5,2,0
953,CM6,2019,Halimium halimifolium,7,0,1
956,CM6,2019,Lavandula stoechas,28,13,2
957,CM6,2019,Rosmarinus officinalis,14,0,0
961,MM1,2019,Cistus libanotis,22,2,15
962,MM1,2019,Halimium commutatum,4,2,7
963,MM1,2019,Halimium halimifolium,0,0,2
966,MM1,2019,Lavandula stoechas,0,6,17
967,MM1,2019,Rosmarinus officinalis,11,0,0
971,MM2,2019,Cistus libanotis,9,1,2
972,MM2,2019,Halimium commutatum,7,4,0
973,MM2,2019,Halimium halimifolium,21,0,1
976,MM2,2019,Lavandula stoechas,3,0,1
977,MM2,2019,Rosmarinus officinalis,11,0,0
981,MM3,2019,Cistus libanotis,2,6,0
982,MM3,2019,Halimium commutatum,3,6,4
983,MM3,2019,Halimium halimifolium,11,2,3
986,MM3,2019,Lavandula stoechas,1,1,1
987,MM3,2019,Rosmarinus officinalis,12,3,0
991,MM4,2019,Cistus libanotis,1,4,0
992,MM4,2019,Halimium commutatum,19,11,1
993,MM4,2019,Halimium halimifolium,22,0,0
996,MM4,2019,Lavandula stoechas,0,0,0
997,MM4,2019,Rosmarinus officinalis,6,1,0
1001,MM5,2019,Cistus libanotis,13,4,1
1002,MM5,2019,Halimium commutatum,5,5,4
1003,MM5,2019,Halimium halimifolium,4,3,3
1006,MM5,2019,Lavandula stoechas,6,9,14
1007,MM5,2019,Rosmarinus officinalis,40,8,1
1011,MM6,2019,Cistus libanotis,9,15,3
1012,MM6,2019,Halimium commutatum,8,11,5
1013,MM6,2019,Halimium halimifolium,9,1,3
1016,MM6,2019,Lavandula stoechas,5,6,0
1017,MM6,2019,Rosmarinus officinalis,24,11,0
1021,OM1,2019,Cistus libanotis,9,5,2
1022,OM1,2019,Halimium commutatum,5,10,1
1023,OM1,2019,Halimium halimifolium,0,3,0
1026,OM1,2019,Lavandula stoechas,1,5,10
1027,OM1,2019,Rosmarinus officinalis,6,0,0
1031,OM2,2019,Cistus libanotis,1,6,0
1032,OM2,2019,Halimium commutatum,14,7,1
1033,OM2,2019,Halimium halimifolium,10,1,0
1036,OM2,2019,Lavandula stoechas,14,9,3
1037,OM2,2019,Rosmarinus officinalis,1,0,0
1041,OM3,2019,Cistus libanotis,5,3,0
1042,OM3,2019,Halimium commutatum,2,2,1
1043,OM3,2019,Halimium halimifolium,4,1,0
1046,OM3,2019,Lavandula stoechas,6,17,3
1047,OM3,2019,Rosmarinus officinalis,10,0,0
1051,OM4,2019,Cistus libanotis,13,10,1
1052,OM4,2019,Halimium commutatum,4,6,2
1053,OM4,2019,Halimium halimifolium,1,0,6
1056,OM4,2019,Lavandula stoechas,0,4,1
1057,OM4,2019,Rosmarinus officinalis,16,0,0
1061,OM5,2019,Cistus libanotis,2,1,0
1062,OM5,2019,Halimium commutatum,6,4,2
1063,OM5,2019,Halimium halimifolium,5,0,0
1066,OM5,2019,Lavandula stoechas,9,0,0
1067,OM5,2019,Rosmarinus officinalis,13,0,0
1071,OM6,2019,Cistus libanotis,3,5,2
1072,OM6,2019,Halimium commutatum,4,2,0
1073,OM6,2019,Halimium halimifolium,5,2,0
1076,OM6,2019,Lavandula stoechas,6,2,0
1077,OM6,2019,Rosmarinus officinalis,7,0,1
1081,CM1,2020,Cistus libanotis,11,7,3
1082,CM1,2020,Halimium commutatum,2,9,10
1083,CM1,2020,Halimium halimifolium,4,1,4
1086,CM1,2020,Lavandula stoechas,18,6,44
1087,CM1,2020,Rosmarinus officinalis,7,0,4
1091,CM2,2020,Cistus libanotis,2,2,5
1092,CM2,2020,Halimium commutatum,3,1,4
1093,CM2,2020,Halimium halimifolium,1,1,3
1096,CM2,2020,Lavandula stoechas,4,3,24
1097,CM2,2020,Rosmarinus officinalis,4,3,4
1101,CM3,2020,Cistus libanotis,6,3,1
1102,CM3,2020,Halimium commutatum,1,0,1
1103,CM3,2020,Halimium halimifolium,9,0,3
1106,CM3,2020,Lavandula stoechas,9,4,26
1107,CM3,2020,Rosmarinus officinalis,14,0,2
1111,CM4,2020,Cistus libanotis,0,0,0
1112,CM4,2020,Halimium commutatum,8,6,4
1113,CM4,2020,Halimium halimifolium,1,1,3
1116,CM4,2020,Lavandula stoechas,20,8,88
1117,CM4,2020,Rosmarinus officinalis,1,1,24
1121,CM5,2020,Cistus libanotis,6,0,10
1122,CM5,2020,Halimium commutatum,1,0,4
1123,CM5,2020,Halimium halimifolium,4,1,11
1126,CM5,2020,Lavandula stoechas,21,1,94
1127,CM5,2020,Rosmarinus officinalis,2,0,16
1131,CM6,2020,Cistus libanotis,3,1,6
1132,CM6,2020,Halimium commutatum,1,0,0
1133,CM6,2020,Halimium halimifolium,4,0,2
1136,CM6,2020,Lavandula stoechas,19,4,53
1137,CM6,2020,Rosmarinus officinalis,18,0,10
1141,MM1,2020,Cistus libanotis,12,3,27
1142,MM1,2020,Halimium commutatum,4,3,4
1143,MM1,2020,Halimium halimifolium,0,0,3
1146,MM1,2020,Lavandula stoechas,0,0,18
1147,MM1,2020,Rosmarinus officinalis,12,0,5
1151,MM2,2020,Cistus libanotis,7,0,0
1152,MM2,2020,Halimium commutatum,8,0,20
1153,MM2,2020,Halimium halimifolium,12,1,31
1156,MM2,2020,Lavandula stoechas,4,1,0
1157,MM2,2020,Rosmarinus officinalis,11,0,3
1161,MM3,2020,Cistus libanotis,1,1,4
1162,MM3,2020,Halimium commutatum,3,5,20
1163,MM3,2020,Halimium halimifolium,10,0,11
1166,MM3,2020,Lavandula stoechas,0,0,2
1167,MM3,2020,Rosmarinus officinalis,11,2,21
1171,MM4,2020,Cistus libanotis,1,6,1
1172,MM4,2020,Halimium commutatum,16,8,14
1173,MM4,2020,Halimium halimifolium,19,0,7
1176,MM4,2020,Lavandula stoechas,0,0,0
1177,MM4,2020,Rosmarinus officinalis,7,0,1
1181,MM5,2020,Cistus libanotis,7,0,3
1182,MM5,2020,Halimium commutatum,0,4,7
1183,MM5,2020,Halimium halimifolium,3,0,1
1186,MM5,2020,Lavandula stoechas,6,4,43
1187,MM5,2020,Rosmarinus officinalis,42,4,6
1191,MM6,2020,Cistus libanotis,10,10,6
1192,MM6,2020,Halimium commutatum,2,11,7
1193,MM6,2020,Halimium halimifolium,8,3,4
1196,MM6,2020,Lavandula stoechas,6,2,23
1197,MM6,2020,Rosmarinus officinalis,30,4,4
1201,OM1,2020,Cistus libanotis,6,3,10
1202,OM1,2020,Halimium commutatum,5,4,7
1203,OM1,2020,Halimium halimifolium,0,1,5
1206,OM1,2020,Lavandula stoechas,1,1,15
1207,OM1,2020,Rosmarinus officinalis,6,0,4
1211,OM2,2020,Cistus libanotis,0,3,5
1212,OM2,2020,Halimium commutatum,14,2,9
1213,OM2,2020,Halimium halimifolium,7,0,6
1216,OM2,2020,Lavandula stoechas,13,12,72
1217,OM2,2020,Rosmarinus officinalis,1,0,8
1221,OM3,2020,Cistus libanotis,0,4,0
1222,OM3,2020,Halimium commutatum,3,1,3
1223,OM3,2020,Halimium halimifolium,3,0,7
1226,OM3,2020,Lavandula stoechas,9,0,40
1227,OM3,2020,Rosmarinus officinalis,10,2,9
1231,OM4,2020,Cistus libanotis,12,4,3
1232,OM4,2020,Halimium commutatum,3,9,2
1233,OM4,2020,Halimium halimifolium,1,1,2
1236,OM4,2020,Lavandula stoechas,0,3,1
1237,OM4,2020,Rosmarinus officinalis,19,0,4
1241,OM5,2020,Cistus libanotis,0,4,5
1242,OM5,2020,Halimium commutatum,5,1,13
1243,OM5,2020,Halimium halimifolium,3,0,1
1246,OM5,2020,Lavandula stoechas,8,2,5
1247,OM5,2020,Rosmarinus officinalis,15,2,21
1251,OM6,2020,Cistus libanotis,4,1,7
1252,OM6,2020,Halimium commutatum,1,2,2
1253,OM6,2020,Halimium halimifolium,3,1,7
1256,OM6,2020,Lavandula stoechas,3,6,8
1257,OM6,2020,Rosmarinus officinalis,8,1,8
1261,CM1,2021,Cistus libanotis,16,4,0
1262,CM1,2021,Halimium commutatum,5,7,15
1263,CM1,2021,Halimium halimifolium,5,2,4
1266,CM1,2021,Lavandula stoechas,18,11,12
1267,CM1,2021,Rosmarinus officinalis,5,0,2
1271,CM2,2021,Cistus libanotis,0,9,5
1272,CM2,2021,Halimium commutatum,4,5,6
1273,CM2,2021,Halimium halimifolium,1,0,3
1276,CM2,2021,Lavandula stoechas,4,10,13
1277,CM2,2021,Rosmarinus officinalis,8,3,2
1281,CM3,2021,Cistus libanotis,6,4,1
1282,CM3,2021,Halimium commutatum,2,1,7
1283,CM3,2021,Halimium halimifolium,12,1,10
1286,CM3,2021,Lavandula stoechas,8,10,15
1287,CM3,2021,Rosmarinus officinalis,15,3,1
1291,CM4,2021,Cistus libanotis,0,0,0
1292,CM4,2021,Halimium commutatum,16,5,15
1293,CM4,2021,Halimium halimifolium,1,5,5
1296,CM4,2021,Lavandula stoechas,24,21,33
1297,CM4,2021,Rosmarinus officinalis,4,0,2
1301,CM5,2021,Cistus libanotis,5,4,6
1302,CM5,2021,Halimium commutatum,2,6,10
1303,CM5,2021,Halimium halimifolium,5,1,21
1306,CM5,2021,Lavandula stoechas,28,29,84
1307,CM5,2021,Rosmarinus officinalis,2,0,0
1311,CM6,2021,Cistus libanotis,5,9,5
1312,CM6,2021,Halimium commutatum,3,1,0
1313,CM6,2021,Halimium halimifolium,5,4,1
1316,CM6,2021,Lavandula stoechas,14,47,8
1317,CM6,2021,Rosmarinus officinalis,14,1,0
1321,MM1,2021,Cistus libanotis,13,14,18
1322,MM1,2021,Halimium commutatum,4,8,20
1323,MM1,2021,Halimium halimifolium,0,2,3
1326,MM1,2021,Lavandula stoechas,0,5,2
1327,MM1,2021,Rosmarinus officinalis,8,3,0
1331,MM2,2021,Cistus libanotis,5,3,0
1332,MM2,2021,Halimium commutatum,5,7,18
1333,MM2,2021,Halimium halimifolium,16,1,6
1336,MM2,2021,Lavandula stoechas,3,0,0
1337,MM2,2021,Rosmarinus officinalis,12,1,1
1341,MM3,2021,Cistus libanotis,1,3,2
1342,MM3,2021,Halimium commutatum,5,9,25
1343,MM3,2021,Halimium halimifolium,7,6,22
1346,MM3,2021,Lavandula stoechas,0,5,19
1347,MM3,2021,Rosmarinus officinalis,12,7,22
1351,MM4,2021,Cistus libanotis,0,3,1
1352,MM4,2021,Halimium commutatum,19,12,16
1353,MM4,2021,Halimium halimifolium,17,0,3
1356,MM4,2021,Lavandula stoechas,0,0,0
1357,MM4,2021,Rosmarinus officinalis,8,0,0
1361,MM5,2021,Cistus libanotis,5,10,9
1362,MM5,2021,Halimium commutatum,5,8,7
1363,MM5,2021,Halimium halimifolium,3,1,6
1366,MM5,2021,Lavandula stoechas,6,30,9
1367,MM5,2021,Rosmarinus officinalis,50,12,3
1371,MM6,2021,Cistus libanotis,9,13,6
1372,MM6,2021,Halimium commutatum,5,29,31
1373,MM6,2021,Halimium halimifolium,11,5,15
1376,MM6,2021,Lavandula stoechas,0,12,25
1377,MM6,2021,Rosmarinus officinalis,22,9,5
1381,OM1,2021,Cistus libanotis,5,3,6
1382,OM1,2021,Halimium commutatum,4,21,12
1383,OM1,2021,Halimium halimifolium,0,7,7
1386,OM1,2021,Lavandula stoechas,2,15,7
1387,OM1,2021,Rosmarinus officinalis,7,1,6
1391,OM2,2021,Cistus libanotis,1,7,10
1392,OM2,2021,Halimium commutatum,13,4,0
1393,OM2,2021,Halimium halimifolium,5,4,5
1396,OM2,2021,Lavandula stoechas,11,34,12
1397,OM2,2021,Rosmarinus officinalis,1,2,1
1401,OM3,2021,Cistus libanotis,4,2,1
1402,OM3,2021,Halimium commutatum,3,5,5
1403,OM3,2021,Halimium halimifolium,3,3,5
1406,OM3,2021,Lavandula stoechas,8,18,17
1407,OM3,2021,Rosmarinus officinalis,11,6,6
1411,OM4,2021,Cistus libanotis,12,15,10
1412,OM4,2021,Halimium commutatum,3,13,8
1413,OM4,2021,Halimium halimifolium,1,4,2
1416,OM4,2021,Lavandula stoechas,2,1,7
1417,OM4,2021,Rosmarinus officinalis,14,7,5
1421,OM5,2021,Cistus libanotis,0,2,4
1422,OM5,2021,Halimium commutatum,5,5,9
1423,OM5,2021,Halimium halimifolium,3,0,2
1426,OM5,2021,Lavandula stoechas,6,2,3
1427,OM5,2021,Rosmarinus officinalis,9,1,4
1431,OM6,2021,Cistus libanotis,4,3,8
1432,OM6,2021,Halimium commutatum,2,7,15
1433,OM6,2021,Halimium halimifolium,2,5,8
1436,OM6,2021,Lavandula stoechas,3,2,7
1437,OM6,2021,Rosmarinus officinalis,8,4,7